<?xml version="1.0"?>

<!DOCTYPE hibernate-mapping PUBLIC

"-//Hibernate/Hibernate Mapping DTD 3.0//EN"

"http://hibernate.sourceforge.net/hibernate-mapping-3.0.dtd">



<hibernate-mapping>



	<class name="com.Product" table="hr.Product100">

	

		<id name="productId" type="int" column="pId">

			<generator class="assigned"/>

		</id>



		<property name="productName" column="pName" />
		<property name="productPrice" column="pPrice" />
		<property name="qoh" column="qoh"/>

	



	</class>

</hibernate-mapping>